-- phpMyAdmin SQL Dump
-- version 3.5.1
-- http://www.phpmyadmin.net
--
-- Host: localhost
-- Generation Time: Sep 23, 2013 at 02:23 PM
-- Server version: 5.5.24-log
-- PHP Version: 5.3.13

SET SQL_MODE="NO_AUTO_VALUE_ON_ZERO";
SET time_zone = "+00:00";


/*!40101 SET @OLD_CHARACTER_SET_CLIENT=@@CHARACTER_SET_CLIENT */;
/*!40101 SET @OLD_CHARACTER_SET_RESULTS=@@CHARACTER_SET_RESULTS */;
/*!40101 SET @OLD_COLLATION_CONNECTION=@@COLLATION_CONNECTION */;
/*!40101 SET NAMES utf8 */;

--
-- Database: `1stworld`
--

-- --------------------------------------------------------

--
-- Table structure for table `board`
--

CREATE TABLE IF NOT EXISTS `board` (
  `id` int(11) NOT NULL AUTO_INCREMENT,
  `name` varchar(100) NOT NULL,
  `parent_tags` varchar(100) DEFAULT NULL,
  `createdTime` datetime NOT NULL,
  `created_by` int(11) NOT NULL,
  `Filterable_taxo` int(4) NOT NULL,
  PRIMARY KEY (`id`),
  KEY `board_id` (`id`),
  KEY `created_by` (`created_by`)
) ENGINE=InnoDB  DEFAULT CHARSET=latin1 AUTO_INCREMENT=29 ;

--
-- Dumping data for table `board`
--

INSERT INTO `board` (`id`, `name`, `parent_tags`, `createdTime`, `created_by`, `Filterable_taxo`) VALUES
(23, 'job', '1', '2013-09-06 09:09:36', 1, 2),
(24, 'vehicle', '21', '2013-09-07 08:09:44', 1, 4);

-- --------------------------------------------------------

--
-- Table structure for table `board_domain`
--

CREATE TABLE IF NOT EXISTS `board_domain` (
  `id` int(4) NOT NULL AUTO_INCREMENT,
  `board_id` int(4) NOT NULL,
  `domain_id` int(4) NOT NULL,
  PRIMARY KEY (`id`)
) ENGINE=InnoDB  DEFAULT CHARSET=latin1 AUTO_INCREMENT=9 ;

--
-- Dumping data for table `board_domain`
--

INSERT INTO `board_domain` (`id`, `board_id`, `domain_id`) VALUES
(1, 23, 1),
(3, 25, 1),
(6, 28, 2),
(7, 24, 2),
(8, 27, 2);

-- --------------------------------------------------------

--
-- Table structure for table `board_page`
--

CREATE TABLE IF NOT EXISTS `board_page` (
  `id` int(10) NOT NULL AUTO_INCREMENT,
  `board_id` int(10) NOT NULL,
  `theme_id` int(4) NOT NULL,
  `board_css` text,
  `board_html` text NOT NULL,
  `board_js` text,
  `created_by` int(10) NOT NULL,
  PRIMARY KEY (`id`),
  KEY `board_id` (`board_id`),
  KEY `created_by` (`created_by`)
) ENGINE=InnoDB  DEFAULT CHARSET=latin1 AUTO_INCREMENT=8 ;

--
-- Dumping data for table `board_page`
--

INSERT INTO `board_page` (`id`, `board_id`, `theme_id`, `board_css`, `board_html`, `board_js`, `created_by`) VALUES
(2, 23, 2, NULL, '', NULL, 0),
(3, 24, 0, NULL, '', NULL, 0),
(5, 26, 0, NULL, '', NULL, 0);

-- --------------------------------------------------------

--
-- Table structure for table `board_tags`
--

CREATE TABLE IF NOT EXISTS `board_tags` (
  `id` int(10) NOT NULL AUTO_INCREMENT,
  `board_id` int(10) NOT NULL,
  `tag_id` int(10) NOT NULL,
  PRIMARY KEY (`id`),
  KEY `board_id` (`board_id`),
  KEY `tag_id` (`tag_id`)
) ENGINE=InnoDB  DEFAULT CHARSET=latin1 AUTO_INCREMENT=35 ;

--
-- Dumping data for table `board_tags`
--

INSERT INTO `board_tags` (`id`, `board_id`, `tag_id`) VALUES
(29, 23, 1),
(30, 24, 21),
(32, 26, 1);

-- --------------------------------------------------------

--
-- Table structure for table `board_users`
--

CREATE TABLE IF NOT EXISTS `board_users` (
  `id` int(10) NOT NULL AUTO_INCREMENT,
  `board_id` int(10) NOT NULL,
  `user_id` int(10) NOT NULL,
  PRIMARY KEY (`id`)
) ENGINE=InnoDB  DEFAULT CHARSET=latin1 AUTO_INCREMENT=75 ;

--
-- Dumping data for table `board_users`
--

INSERT INTO `board_users` (`id`, `board_id`, `user_id`) VALUES
(52, 24, 2),
(64, 26, 2),
(73, 23, 2),
(74, 23, 4);

-- --------------------------------------------------------

--
-- Table structure for table `domain`
--

CREATE TABLE IF NOT EXISTS `domain` (
  `id` int(10) NOT NULL AUTO_INCREMENT,
  `name` varchar(50) NOT NULL,
  `parent_tags` varchar(100) NOT NULL,
  `createdTime` datetime NOT NULL,
  PRIMARY KEY (`id`)
) ENGINE=InnoDB  DEFAULT CHARSET=latin1 AUTO_INCREMENT=13 ;

--
-- Dumping data for table `domain`
--

INSERT INTO `domain` (`id`, `name`, `parent_tags`, `createdTime`) VALUES
(1, 'job', '', '2013-09-09 00:00:00'),
(2, 'car', '', '2013-09-10 00:00:00');

-- --------------------------------------------------------

--
-- Table structure for table `domain_tags`
--

CREATE TABLE IF NOT EXISTS `domain_tags` (
  `id` int(10) NOT NULL AUTO_INCREMENT,
  `domain_id` int(10) NOT NULL,
  `tag_id` int(10) NOT NULL,
  PRIMARY KEY (`id`),
  KEY `domain_id` (`domain_id`),
  KEY `tag_id` (`tag_id`)
) ENGINE=InnoDB DEFAULT CHARSET=latin1 AUTO_INCREMENT=1 ;

-- --------------------------------------------------------

--
-- Table structure for table `items`
--

CREATE TABLE IF NOT EXISTS `items` (
  `id` int(10) NOT NULL AUTO_INCREMENT,
  `name` varchar(30) NOT NULL,
  `title` varchar(100) NOT NULL,
  `body` text NOT NULL,
  `created_by` int(10) NOT NULL,
  `status` enum('1','0') NOT NULL DEFAULT '0',
  `createdTime` datetime NOT NULL,
  `board_id` int(50) NOT NULL,
  `image` text NOT NULL,
  PRIMARY KEY (`id`),
  KEY `created_by` (`created_by`)
) ENGINE=InnoDB  DEFAULT CHARSET=latin1 AUTO_INCREMENT=52 ;

--
-- Dumping data for table `items`
--

INSERT INTO `items` (`id`, `name`, `title`, `body`, `created_by`, `status`, `createdTime`, `board_id`, `image`) VALUES
(11, 'test2', 'test2', 'hi this is a test job2...<br><p><br></p>', 1, '0', '2013-09-07 06:09:55', 23, ''),
(12, 'test3', 'test3', '<blockquote>hi this is a test job3<br></blockquote><p><br></p>', 1, '0', '2013-09-07 06:09:49', 23, ''),
(13, 'test4', 'test4', 'dsbkshdfkghdlkfghlk<p><br></p>', 1, '0', '2013-09-07 06:09:24', 23, ''),
(14, 'test5', 'test5', '<blockquote>dfjsleejflj</blockquote><p><br></p>', 1, '0', '2013-09-07 06:09:03', 23, ''),
(15, 'test6', 'driving', '<p>asdffsadf<br></p>', 1, '0', '2013-09-07 08:09:03', 23, ''),
(16, 'bmw', 'bmw', '<p><img style="width: 123.186px; height: 92px;" src="http://localhost/1st-Social-Tool-master/1st-Social-Tool/assets/css/user/content/Desert.jpg"></p><img src="vjbhk"><img style="width: 126.593px; height: 96px;" src="http://media1.santabanta.com/full1/Cars/BMW/bmw-26v.jpg"> BMW<br><br><b><span style="color: #fbd5b5;"><font color="#548dd4"><strike><span style="background-color: rgb(255, 255, 0);"></span></strike></font></span><iframe src="//www.youtube.com/embed/b_Oyt8jxTi8" allowfullscreen="" frameborder="0" height="315" width="560"></iframe></b><p></p><p></p><br><p></p>\n', 1, '0', '2013-09-07 09:09:15', 24, 'assets/css/user/itemimage/upload1379495227.jpg'),
(18, 'car', 'car', 'mksadfl<p><br></p>', 1, '0', '2013-09-07 01:09:10', 24, 'assets/css/user/itemimage/upload1379943551.jpg'),
(21, 'new car ', 'new car ', 'lsdfj;l<p><br></p>', 1, '0', '2013-09-12 06:09:08', 24, ''),
(28, 'tm', 'tm', 'flsjdfakjflfjlkfljljf;lk<p><br></p>', 1, '0', '2013-09-16 01:09:51', 24, 'assets/css/user/itemimage/upload1379334591.jpg'),
(31, 'new vehicle', 'new vehicle', 'ahdsflkhlakd<p><br></p>', 1, '0', '2013-09-19 11:09:02', 24, 'assets/css/user/itemimage/upload1379585822.jpg'),
(35, 'xv', 'xv', '<p>vcb<br></p>', 1, '0', '2013-09-19 11:09:13', 24, 'assets/css/user/itemimage/upload1379586193.jpg'),
(36, 'xv', 'xv', '<p>vcb<br></p>', 1, '0', '2013-09-19 11:09:19', 24, 'assets/css/user/itemimage/upload1379586199.jpg'),
(39, 'sfdsaf', 'sfdsaf', '<p>asdfasdf<br></p>', 1, '0', '2013-09-19 11:09:28', 24, 'assets/css/user/itemimage/upload1379586687.jpg'),
(43, 'rtyj', 'rtyj', '<p>hgjfj<br></p>', 1, '0', '2013-09-20 07:09:49', 24, 'assets/css/user/itemimage/upload1379656909.jpg'),
(44, 'rtyj', 'rtyj', '<p>hgjfj<br></p>', 1, '0', '2013-09-20 07:09:04', 24, 'assets/css/user/itemimage/upload1379656924.jpg'),
(45, 'rtyj', 'rtyj', '<p>hgjfj<br></p>', 1, '0', '2013-09-20 07:09:37', 24, 'assets/css/user/itemimage/upload1379656956.jpg'),
(47, 'yiuiu', 'yiuiu', '<p>6676<br></p>', 1, '0', '2013-09-20 07:09:51', 24, 'assets/css/user/itemimage/upload1379657151.jpg'),
(48, 'yiuiu', 'yiuiu', '<p>6676<br></p>', 1, '0', '2013-09-20 07:09:01', 24, 'assets/css/user/itemimage/upload1379657161.jpg'),
(49, 'yiuiu', 'yiuiu', '<p>6676<br></p>', 1, '0', '2013-09-20 07:09:14', 24, 'assets/css/user/itemimage/upload1379657174.jpg'),
(51, 'sfgdsfgs', 'sfgdsfgs', '<p>fgsdfgsdgsdg<br></p>', 1, '0', '2013-09-20 07:09:27', 24, '');

-- --------------------------------------------------------

--
-- Table structure for table `item_tags`
--

CREATE TABLE IF NOT EXISTS `item_tags` (
  `id` int(10) NOT NULL AUTO_INCREMENT,
  `tag_id` int(10) NOT NULL,
  `item_id` int(10) NOT NULL,
  PRIMARY KEY (`id`),
  KEY `tag_id` (`tag_id`),
  KEY `item_id` (`item_id`)
) ENGINE=InnoDB  DEFAULT CHARSET=latin1 AUTO_INCREMENT=214 ;

--
-- Dumping data for table `item_tags`
--

INSERT INTO `item_tags` (`id`, `tag_id`, `item_id`) VALUES
(75, 11, 11),
(76, 6, 11),
(77, 18, 11),
(78, 10, 12),
(79, 11, 12),
(80, 12, 12),
(81, 13, 12),
(82, 5, 12),
(83, 6, 12),
(84, 17, 12),
(85, 11, 13),
(86, 12, 13),
(87, 6, 13),
(88, 7, 13),
(89, 18, 13),
(90, 19, 13),
(91, 11, 14),
(92, 12, 14),
(93, 6, 14),
(94, 7, 14),
(95, 17, 14),
(96, 18, 14),
(97, 11, 15),
(98, 6, 15),
(99, 19, 15),
(117, 5, 19),
(118, 5, 20),
(129, 6, 28),
(139, 6, 28),
(191, 6, 16),
(192, 6, 21),
(193, 7, 31),
(195, 6, 35),
(206, 7, 47),
(207, 9, 47),
(209, 7, 51),
(212, 5, 18),
(213, 6, 18);

-- --------------------------------------------------------

--
-- Table structure for table `item_taxo`
--

CREATE TABLE IF NOT EXISTS `item_taxo` (
  `id` int(5) NOT NULL AUTO_INCREMENT,
  `item_id` int(5) NOT NULL,
  `taxo_id` int(5) NOT NULL,
  `value` varchar(100) NOT NULL,
  PRIMARY KEY (`id`)
) ENGINE=InnoDB  DEFAULT CHARSET=latin1 AUTO_INCREMENT=324 ;

--
-- Dumping data for table `item_taxo`
--

INSERT INTO `item_taxo` (`id`, `item_id`, `taxo_id`, `value`) VALUES
(81, 11, 2, '45000'),
(82, 11, 3, 'sfkjdhfkshdlkfdsl'),
(83, 12, 2, '20000'),
(84, 12, 3, 'skahkdhflksd'),
(85, 13, 2, '15000'),
(86, 13, 3, 'dsafkhkdsfhkfh'),
(87, 14, 2, '20000'),
(88, 14, 3, 'kdflsdkj;'),
(89, 15, 2, '45000'),
(90, 15, 3, 'sadfkhsadflk'),
(109, 19, 4, '22'),
(110, 19, 5, '22'),
(111, 19, 6, '222'),
(112, 20, 4, '33'),
(113, 20, 5, '33'),
(114, 20, 6, '33'),
(173, 28, 4, '45000'),
(174, 28, 5, 'ankit'),
(175, 28, 6, '45000'),
(283, 16, 4, '4500'),
(284, 16, 5, 'asdf;l'),
(285, 21, 4, '22'),
(286, 21, 5, '22'),
(287, 21, 6, '22'),
(288, 31, 4, '4500'),
(289, 31, 5, 'a20'),
(290, 31, 6, '4500'),
(294, 35, 4, '3333'),
(295, 35, 5, '333'),
(296, 35, 6, '3333'),
(311, 47, 4, '5454'),
(312, 47, 5, '54454'),
(313, 47, 6, '54554'),
(317, 51, 4, '223323'),
(318, 51, 5, '2322323'),
(319, 51, 6, '233223'),
(322, 18, 4, '50000'),
(323, 18, 5, 'ca 400');

-- --------------------------------------------------------

--
-- Table structure for table `rss_board`
--

CREATE TABLE IF NOT EXISTS `rss_board` (
  `id` int(5) NOT NULL AUTO_INCREMENT,
  `board_name` varchar(50) NOT NULL,
  `board_url` varchar(1000) NOT NULL,
  `board_html` blob NOT NULL,
  `fb_app_id` varchar(30) NOT NULL,
  `board_css` blob NOT NULL,
  `board_background` varchar(200) NOT NULL,
  PRIMARY KEY (`id`)
) ENGINE=InnoDB  DEFAULT CHARSET=utf8 AUTO_INCREMENT=21 ;

--
-- Dumping data for table `rss_board`
--

INSERT INTO `rss_board` (`id`, `board_name`, `board_url`, `board_html`, `fb_app_id`, `board_css`, `board_background`) VALUES
(1, 'choice_one', 'http://choiceone.com.au/job/rss.aspx?search=1', 0x3c7461626c652077696474683d2237393070782220626f726465723d2230222063656c6c73706163696e673d2230222063656c6c70616464696e673d2235223e0a20203c74723e0a202020203c74642076616c69676e3d22746f70223e0a090a093c6469762069643d22636f6e74656e74626f78223e0a093c68313e41626f75742055733c2f68313e0a093c703e43686f6963654f6e65206973206120707269766174656c79206f776e656420616e642066756c6c7920696e646570656e64656e74205765737465726e204175737472616c69616e206f7267616e69736174696f6e2e20546865206f7267616e69736174696f6e20636f6d6d656e636564206f7065726174696f6e7320696e2031393839206173207468726565207365706172617465206469766973696f6e73206b6e6f776e2061732043686f69636520506572736f6e6e656c2c204d65646974656d7020616e64205461736b666f7263652e205468657365206469766973696f6e7320666f6375736564206f6e2061646d696e697374726174696f6e2c206d65646963616c20616e6420656e67696e656572696e6720616e6420696e647573747269616c20706572736f6e6e656c20726573706563746976656c792e204f7572206d697373696f6e2077617320746f20626520616e20696e6e6f76617469766520616e64206c656164696e67206564676520526563727569746d656e7420636f6d70616e792e20546869732077617320612074696d65207768656e205765737465726e204175737472616c69612077617320696e20726563657373696f6e2c20776f726b207761732073636172636520616e6420656d706c6f79657273207574696c6973656420746865207365727669636573206f66206120726563727569746d656e7420636f6d70616e7920696e206f7264657220746f207265647563652074686520776f726b6c6f6164732066726f6d20616e20696e666c7578206f66206170706c69636174696f6e732066726f6d2063616e646964617465732e3c2f703e0a093c703e53696e6365206f757220696e63657074696f6e2c2074686520627573696e657373206d6f64656c20686173206265656e20636f6e74696e75616c6c7920646576656c6f706564207468726f75676820746865206f7267616e69736174696f6e26727371756f3b73207265636f676e6974696f6e206f6620746865206e65656420746f2070726f76696465206f757220637573746f6d65727320776974682061206d6f7265207461696c6f7265642068756d616e207265736f757263657320617070726f6163682e204f7572206d697373696f6e20686173206265656e206368616e6765642c207265666c656374697665206f662074686520627573696e65737320737472617465677920616e64206973206e6f7720266c6471756f3b746f20626520612064796e616d6963206c65616465722c2070726f766964696e672074686520626573742070656f706c6520736f6c7574696f6e73207468726f756768207375636365737366756c206c617374696e6720706172746e6572736869707326726471756f3b2e3c2f703e0a093c703e54686573652073747261746567696320646576656c6f706d656e747320617265206d616e6966657374656420696e206368616e67657320746f206f757220736572766963652064656c697665727920746f20696e636c75646520617265617320737563682061732053656c656374696f6e20616e64205265636f6d6d656e646174696f6e20746f20746865207075626c696320736563746f722c207768696368207761732065737461626c697368656420696e203230303220616e642048756d616e205265736f757263657320436f616368696e67207768696368207761732065737461626c697368656420696e203230303420746f206d656574207468652062726f61646572206e65656473206f66206f757220637573746f6d6572732e2043686f6963654f6e652068617320616c736f20726563656e746c792065737461626c697368656420612053616665747920436f6e73756c74696e672061726d20746f2074686520627573696e6573732e204f7572206f7267616e69736174696f6e2068617320737572766976656420616e642074687269766564207468726f75676820636f6e74696e75616c206368616e67657320696e2074686520627573696e65737320616e642065636f6e6f6d696320636c696d6174652e204f76657220746865206c6173742032302079656172732077652068617665207365656e206368616e67657320746f2074686520726563727569746d656e7420696e6475737472792064726976656e20627920736b696c6c2073686f7274616765732c204952204c6177732c20746563686e6f6c6f6779206368616e6765732c20696e647573747279207265616c69676e6d656e742c2065636f6e6f6d696320626f6f6d20616e642065636f6e6f6d696320627573742c20636f6d70616e69657320696e207265636569766572736869702c2074616b656f7665727320616e64206d65726765727320616e6420736f206d756368206d6f72652e2e2e2e3c2f703e0a093c703e546f2073656520686f772043686f6963654f6e652063616e2061737369737420796f752c20706c656173652063616c6c202830382920393231352033383838206f72207669736974c383e2809ac382c2a03c6120687265663d22687474703a2f2f63686f6963656f6e652e636f6d2e61752f706167652f636f6e746163742d757322207461726765743d225f626c616e6b223e436f6e746163742055733c2f613e2e3c2f703e0a093c2f6469763e0a093c2f62723e0a090a090a093c6469762069643d22636f6e74656e74626f78223e0a093c68313e46696e642075732061726f756e6420746865207765623c2f68313e0a09576527726520657665727977686572652120436c69636b206120627574746f6e2062656c6f7720746f2066696e642043686f6963654f6e65206f6e20796f7572206661766f7269746520736f6369616c206e6574776f726b3a3c62723e0a093c6120687265663d2268747470733a2f2f747769747465722e636f6d2f43686f6963654f6e65415522207461726765743d225f626c616e6b223e3c696d67207372633d22687474703a2f2f317374736f6369616c2e636f6d2e61752f6662617070732f627574746f6e732f747769747465722e706e67223e3c2f613e3c62723e0a093c6120687265663d22687474703a2f2f7777772e6c696e6b6564696e2e636f6d2f636f6d70616e792f63686f6963656f6e652f22207461726765743d225f626c616e6b223e3c696d67207372633d22687474703a2f2f317374736f6369616c2e636f6d2e61752f6662617070732f627574746f6e732f6c696e6b6564696e2e706e67223e3c2f613e3c62723e0a093c62723e0a093c2f6469763e0a093c2f62723e0a090a090a090a093c6469762069643d22636f6e74656e74626f78223e0a090a093c68313e4469646e27742066696e6420746865206a6f6220796f752077657265206c6f6f6b696e6720666f723f3c2f68313e0a0941732070617274206f662074686520436172656572734d756c74694c697374206e6574776f726b20776520686176652061636365737320746f2068756e6465726473206f66206f7468657220636172656572732074686174206d617920696e74657265737420796f752e3c62723e203c64697620636c6173733d227375626d697443562d5355424d4954223e3c6120687265663d2268747470733a2f2f617070732e317374736f6369616c2e636f6d2e61752f696e6465782e7068702f626f6172645f636f6e74726f6c6c65722f73686f775f626f6172642f436172656572734d756c74694c697374223e436c69636b20486572653c2f613e3c2f6469763e0a093c2f6469763e0a093c2f62723e0a090a093c2f74643e0a202020203c74642076616c69676e3d22746f70222077696474683d22353230223e3c6469762069643d226a6f6273223e3c2f6469763e3c2f74643e0a20203c2f74723e0a3c2f7461626c653e, '419606398103940', 0x406368617273657420225554462d38223b0a0a23636f6e74656e74626f78207b0a70616464696e673a20313070783b200a666f6e742d66616d696c793a20417269616c2c2048656c7665746963612c2073616e732d73657269663b0a09666f6e742d73697a653a20313270783b0a09666f6e742d7765696768743a206e6f726d616c3b0a09636f6c6f723a20233333333b0a096c696e652d6865696768743a20312e35656d3b0a6261636b67726f756e642d636f6c6f723a2072676261283235352c3235352c3235352c302e36293b0a7d0a0a626f6479207b0a77696474683a38313070783b0a6f766572666c6f773a68696464656e3b0a6d617267696e3a313070783b2070616464696e673a303b20626f726465723a303b0a202020206261636b67726f756e642d636f6c6f723a20236332633263323b0a202020206261636b67726f756e642d696d6167653a2075726c286261636b67726f756e642e6a7067293b0a202020206261636b67726f756e642d7265706561743a207265706561742d783b0a096261636b67726f756e642d6174746163686d656e743a2066697865643b0a09666f6e742d66616d696c793a20226c7563696461206772616e6465222c207461686f6d612c2076657264616e612c20617269616c2c2073616e732d73657269663b0a0a7d0a0a6120696d67207b0a09626f726465723a6e6f6e653b0a7d0a0a613a6c696e6b207b636f6c6f723a20233342353939383b20746578742d6465636f726174696f6e3a206e6f6e653b7d0a613a76697369746564207b636f6c6f723a20233342353939383b20746578742d6465636f726174696f6e3a206e6f6e653b7d0a613a616374697665207b636f6c6f723a20233342353939383b20746578742d6465636f726174696f6e3a206e6f6e653b7d0a613a686f766572207b746578742d6465636f726174696f6e3a206e6f6e653b20636f6c6f723a20233466366161333b7d0a0a2364796e616d69632d636f6e74656e7420613a686f7665727b0a09746578742d6465636f726174696f6e3a20756e6465726c696e653b0a7d0a0a737562207b0a646973706c61793a206e6f6e653b0a7d0a0a2e72737346656564207b0a09666f6e742d66616d696c793a20417269616c2c2048656c7665746963612c2073616e732d73657269663b0a09666f6e742d73697a653a20313270783b0a090a7d0a2e727373466565642061207b0a09636f6c6f723a20233342353939383b0a09666f6e742d73697a653a20313870783b0a09746578742d6465636f726174696f6e3a206e6f6e653b0a7d0a2e7273734665656420613a686f766572207b0a09636f6c6f723a20233342353939383b0a09746578742d6465636f726174696f6e3a20756e6465726c696e653b0a7d0a0a2e727373486561646572207b2070616464696e673a20302e32656d20303b207d0a0a2e727373426f6479207b20626f726465722d626f74746f6d3a2032707820736f6c696420234331433143313b0a626f726465722d746f703a2031707820736f6c696420234331433143313b207d0a2e727373426f647920756c207b206c6973742d7374796c653a206e6f6e653b207d0a2e727373426f647920756c2c202e727373526f772c202e727373526f772068342c202e727373526f772070207b0a096d617267696e3a20303b0a0970616464696e673a20303b0a7d0a0a2e727373526f77207b2070616464696e673a20302e38656d3b0a626f726465722d6c6566743a2031707820736f6c696420234331433143313b0a626f726465722d72696768743a2031707820736f6c696420234331433143313b0a626f726465722d746f703a2031707820736f6c696420234331433143313b207d0a2e727373526f77206834207b20666f6e742d73697a653a203870783b207d0a2e64617465207b0a09666f6e742d73697a653a203b0a09636f6c6f723a20233636363b0a096d617267696e3a20302e32656d203020302e34656d20303b0a7d0a0a6c693a6e74682d6368696c64286f6464297b206261636b67726f756e642d636f6c6f723a20236666666666663b207d0a6c693a6e74682d6368696c64286576656e297b206261636b67726f756e642d636f6c6f723a20234544454646343b207d0a0a23636f6e74656e746c697374206c693a6e74682d6368696c64286f6464297b206261636b67726f756e642d636f6c6f723a207472616e73706172656e743b207d0a23636f6e74656e746c697374206c693a6e74682d6368696c64286576656e297b206261636b67726f756e642d636f6c6f723a207472616e73706172656e743b207d0a0a2e727373526f773a6163746976657b0a6261636b67726f756e642d636f6c6f723a234546454645463b0a7d0a2e727373526f773a686f7665727b0a6261636b67726f756e642d636f6c6f723a234546454645463b0a7d0a0a2e77726170203a686f7665727b0a6261636b67726f756e642d636f6c6f723a234445453345433b0a7d0a0a2e727373526f77202e7273734d65646961207b0a0970616464696e673a20302e35656d3b0a09666f6e742d73697a653a2031656d3b0a7d0a0a2e7375626d69744356207b0a626f726465722d6c6566743a2031707820736f6c696420234331433143313b0a626f726465722d72696768743a2031707820736f6c696420234331433143313b0a626f726465722d746f703a2032707820736f6c696420233934413343343b0a626f726465722d626f74746f6d3a2032707820736f6c696420234331433143313b0a6d617267696e2d626f74746f6d3a20313070783b0a6261636b67726f756e642d636f6c6f723a20234544454646343b0a70616464696e673a20313070783b0a666f6e742d66616d696c793a20417269616c2c2048656c7665746963612c2073616e732d73657269663b0a09666f6e742d73697a653a20313270783b0a09746578742d6465636f726174696f6e3a206e6f6e653b0a09636f6c6f723a20233030303b0a09746578742d616c69676e3a2063656e7465723b0a207d0a200a202e64726f70646f776e207b0a626f726465722d6c6566743a2031707820736f6c696420234331433143313b0a626f726465722d72696768743a2031707820736f6c696420234331433143313b0a626f726465722d746f703a2032707820736f6c696420233934413343343b0a626f726465722d626f74746f6d3a2032707820736f6c696420234331433143313b0a6261636b67726f756e642d636f6c6f723a20234544454646343b0a666f6e742d66616d696c793a20417269616c2c2048656c7665746963612c2073616e732d73657269663b0a09666f6e742d73697a653a20313270783b0a09746578742d6465636f726174696f6e3a206e6f6e653b0a09636f6c6f723a20233030303b0a09746578742d616c69676e3a2063656e7465723b0a207d0a202e7375626d697443562d6f75746572207b0a0a09746578742d6465636f726174696f6e3a206e6f6e653b0a0a207d0a0a202e736f75726365207b0a666f6e742d66616d696c793a20417269616c2c2048656c7665746963612c2073616e732d73657269663b0a09636f6c6f723a20233342353939383b0a09666f6e742d73697a653a20313470783b0a09746578742d6465636f726174696f6e3a206e6f6e653b0a0970616464696e673a313070783b0a09666f6e742d7765696768743a626f6c6465723b0a09746578742d616c69676e3a2063656e7465723b0a7d0a200a206469762e7375626d697443563a6163746976657b0a6261636b67726f756e642d636f6c6f723a234546454645463b0a7d0a6469762e7375626d697443563a686f7665727b0a6261636b67726f756e642d636f6c6f723a234546454645463b0a7d0a0a202e7375626d697443562d5355424d4954207b0a666f6e742d66616d696c793a20417269616c2c2048656c7665746963612c2073616e732d73657269663b0a09636f6c6f723a20233342353939383b0a09666f6e742d73697a653a20323070783b0a09746578742d6465636f726174696f6e3a206e6f6e653b0a0970616464696e673a313070783b0a09666f6e742d7765696768743a626f6c6465723b0a09746578742d616c69676e3a2063656e7465723b0a0909746578742d6465636f726174696f6e3a206e6f6e653b0a7d0a0a200a2f2a0a23356337356139206261636b67726f756e6420636f6c6f720a2338613963633220746f7020626f726465720a2332393434376520626f726465720a2331613335366520626f7264657220626f74746f6d0a2334663661613320686f766572206261636b67726f756e6420636f6c6f720a2a2f0a200a2e626f74746f6d207b0a706f736974696f6e3a72656c61746976653b0a6d617267696e2d746f703a202d34, ''),
(16, '1stExec', 'http://1stexecutive.myrecruitonline.net:8080/jobs?x-name=internship', 0x3c7461626c652077696474683d2237393070782220626f726465723d2230222063656c6c73706163696e673d2230222063656c6c70616464696e673d2235223e0a20203c74723e0a202020203c74642076616c69676e3d22746f70223e0a090a093c6469762069643d22636f6e74656e74626f78223e0a093c68313e5765277265206865726520746f2068656c702e3c2f68313e0a09317374457865637574697665206973206865726520746f2068656c7020796f7520616c6f6e6720796f75722063617265657220706174682e2042726f777365206f75722063757272656e746c7920617661696c61626c65206a6f6273206f72207375626d697420796f75722043562062656c6f772e20496620796f75206861766520616e797468696e6720796f752764206c696b6520746f206469736375737320776974682075732c206665656c206672656520746f2073656e642075732061203c6120687265663d22687474703a2f2f7777772e66616365626f6f6b2e636f6d2f6d657373616765732f317374457865637574697665223e6d6573736167653c2f613e2e0a093c2f6469763e0a093c2f62723e0a090a090a093c6469762069643d22636f6e74656e74626f78223e0a093c68313e5375626d697420796f75722043562e3c2f68313e0a0957616e7420757320746f20636f6e7461637420796f75207768656e2061206a6f622066697474696e6720796f7572207175616c696669636174696f6e7320616e6420616d626974696f6e7320697320617661696c61626c653f3c62723e203c64697620636c6173733d227375626d697443562d5355424d4954223e3c6120687265663d22687474703a2f2f3173746578656375746976652e6d79726563727569746f6e6c696e652e6e65743a383038302f666f726d732f6a6f62417070466f726d5374616765322e7365616d3f636f64653d73797374656d267372633d72737326736f757263655379733d6662223e436c69636b20486572653c2f613e3c2f6469763e0a093c2f6469763e0a093c2f62723e0a090a090a090a093c6469762069643d22636f6e74656e74626f78223e0a090a3c68313e4e65656420657870657269656e63653f3c2f68313e0a094861766520796f7520726563656e746c792067726164756174656420616e642061726520686176696e67206120686172642074696d65207374617274696e6720796f7572206361726565723f204e65656420736f6c696420657870657269656e636520696e20746865204175737472616c69616e20776f726b666f7263652072656c6174656420746f20796f7572206465677265653f3c62723e203c64697620636c6173733d227375626d697443562d5355424d4954223e3c6120687265663d22687474703a2f2f7777772e317374736f6369616c2e636f6d2e61752f6662617070732f31737465786563696e7465726e73686970732f223e436c69636b20486572653c2f613e3c2f6469763e0a093c2f6469763e0a093c2f62723e0a090a09093c6469762069643d22636f6e74656e74626f78223e0a090a3c68313e4469646e27742066696e6420746865206a6f6220796f752077657265206c6f6f6b696e6720666f723f3c2f68313e0a0941732070617274206f662074686520436172656572734d756c74694c697374206e6574776f726b20776520686176652061636365737320746f2068756e6465726473206f66206f7468657220636172656572732074686174206d617920696e74657265737420796f752e3c62723e203c64697620636c6173733d227375626d697443562d5355424d4954223e3c6120687265663d2268747470733a2f2f617070732e317374736f6369616c2e636f6d2e61752f696e6465782e7068702f626f6172645f636f6e74726f6c6c65722f73686f775f626f6172642f436172656572734d756c74694c697374223e436c69636b20486572653c2f613e3c2f6469763e0a093c2f6469763e0a093c2f62723e0a090a093c2f74643e0a202020203c74642076616c69676e3d22746f70222077696474683d22353230223e3c6469762069643d226a6f6273223e3c2f6469763e3c2f74643e0a20203c2f74723e0a3c2f7461626c653e, '230343010345368', 0x406368617273657420225554462d38223b0a0a0a626f6479207b0a77696474683a38313070783b0a6f766572666c6f773a68696464656e3b0a6d617267696e3a313070783b2070616464696e673a303b20626f726465723a303b0a202020206261636b67726f756e642d636f6c6f723a20236666666666663b0a202020206261636b67726f756e642d696d6167653a2075726c286170706261636b67726f756e642e6a7067293b0a202020206261636b67726f756e642d7265706561743a207265706561742d783b0a096261636b67726f756e642d6174746163686d656e743a2066697865643b0a09666f6e742d66616d696c793a20226c7563696461206772616e6465222c207461686f6d612c2076657264616e612c20617269616c2c2073616e732d73657269663b0a0a7d0a0a6120696d67207b0a09626f726465723a6e6f6e653b0a7d0a0a61207b0a09636f6c6f723a233539373037423b0a09746578742d6465636f726174696f6e3a6e6f6e653b0a09666f6e742d7765696768743a3730303b0a7d0a613a686f766572207b0a09746578742d6465636f726174696f6e3a6e6f6e653b0a7d0a613a6163746976652c20613a766973697465642c20613a666f6375730a7b0a096f75746c696e653a206e6f6e653b0a09626f726465723a20303b0a7d0a0a613a666f6375730a7b0a092d6d6f7a2d6f75746c696e652d7374796c653a206e6f6e653b0a096f75746c696e653a20303b0a7d0a0a613a666f6375732c202a3a666f637573207b0a202020206e6f466f6375734c696e653a2065787072657373696f6e28746869732e6f6e466f6375733d746869732e626c75722829293b0a7d0a0a2364796e616d69632d636f6e74656e7420613a686f7665727b0a09746578742d6465636f726174696f6e3a20756e6465726c696e653b0a7d0a0a737562207b0a646973706c61793a206e6f6e653b0a7d0a0a2e72737346656564207b0a09666f6e742d66616d696c793a20417269616c2c2048656c7665746963612c2073616e732d73657269663b0a09666f6e742d73697a653a20313270783b0a090a7d0a2e727373466565642061207b0a09636f6c6f723a20233342353939383b0a09666f6e742d73697a653a20313870783b0a09746578742d6465636f726174696f6e3a206e6f6e653b0a7d0a2e7273734665656420613a686f766572207b0a09636f6c6f723a20233342353939383b0a09746578742d6465636f726174696f6e3a20756e6465726c696e653b0a7d0a0a2e727373486561646572207b2070616464696e673a20302e32656d20303b207d0a0a2e727373426f6479207b20626f726465722d626f74746f6d3a2032707820736f6c696420234331433143313b0a626f726465722d746f703a2031707820736f6c696420234331433143313b207d0a2e727373426f647920756c207b206c6973742d7374796c653a206e6f6e653b207d0a2e727373426f647920756c2c202e727373526f772c202e727373526f772068342c202e727373526f772070207b0a096d617267696e3a20303b0a0970616464696e673a20303b0a7d0a0a2e727373526f77207b2070616464696e673a20302e38656d3b0a626f726465722d6c6566743a2031707820736f6c696420234331433143313b0a626f726465722d72696768743a2031707820736f6c696420234331433143313b0a626f726465722d746f703a2031707820736f6c696420234331433143313b207d0a2e727373526f77206834207b20666f6e742d73697a653a203870783b207d0a2e64617465207b0a09666f6e742d73697a653a203b0a09636f6c6f723a20233636363b0a096d617267696e3a20302e32656d203020302e34656d20303b0a7d0a0a6c693a6e74682d6368696c64286f6464297b206261636b67726f756e642d636f6c6f723a20236666666666663b207d0a6c693a6e74682d6368696c64286576656e297b206261636b67726f756e642d636f6c6f723a20234544454646343b207d0a0a23636f6e74656e746c697374206c693a6e74682d6368696c64286f6464297b206261636b67726f756e642d636f6c6f723a207472616e73706172656e743b207d0a23636f6e74656e746c697374206c693a6e74682d6368696c64286576656e297b206261636b67726f756e642d636f6c6f723a207472616e73706172656e743b207d0a0a2e727373526f773a6163746976657b0a6261636b67726f756e642d636f6c6f723a234546454645463b0a7d0a2e727373526f773a686f7665727b0a6261636b67726f756e642d636f6c6f723a234546454645463b0a7d0a0a2e77726170203a686f7665727b0a6261636b67726f756e642d636f6c6f723a234445453345433b0a7d0a0a2e727373526f77202e7273734d65646961207b0a0970616464696e673a20302e35656d3b0a09666f6e742d73697a653a2031656d3b0a7d0a0a2e7375626d69744356207b0a626f726465722d6c6566743a2031707820736f6c696420234331433143313b0a626f726465722d72696768743a2031707820736f6c696420234331433143313b0a626f726465722d746f703a2032707820736f6c696420233934413343343b0a626f726465722d626f74746f6d3a2032707820736f6c696420234331433143313b0a6d617267696e2d626f74746f6d3a20313070783b0a6261636b67726f756e642d636f6c6f723a20234544454646343b0a70616464696e673a20313070783b0a666f6e742d66616d696c793a20417269616c2c2048656c7665746963612c2073616e732d73657269663b0a09666f6e742d73697a653a20313270783b0a09746578742d6465636f726174696f6e3a206e6f6e653b0a09636f6c6f723a20233030303b0a09746578742d616c69676e3a2063656e7465723b0a207d0a200a202e64726f70646f776e207b0a626f726465722d6c6566743a2031707820736f6c696420234331433143313b0a626f726465722d72696768743a2031707820736f6c696420234331433143313b0a626f726465722d746f703a2032707820736f6c696420233934413343343b0a626f726465722d626f74746f6d3a2032707820736f6c696420234331433143313b0a6261636b67726f756e642d636f6c6f723a20234544454646343b0a666f6e742d66616d696c793a20417269616c2c2048656c7665746963612c2073616e732d73657269663b0a09666f6e742d73697a653a20313270783b0a09746578742d6465636f726174696f6e3a206e6f6e653b0a09636f6c6f723a20233030303b0a09746578742d616c69676e3a2063656e7465723b0a207d0a202e7375626d697443562d6f75746572207b0a0a09746578742d6465636f726174696f6e3a206e6f6e653b0a0a207d0a0a202e736f75726365207b0a666f6e742d66616d696c793a20417269616c2c2048656c7665746963612c2073616e732d73657269663b0a09636f6c6f723a20233342353939383b0a09666f6e742d73697a653a20313470783b0a09746578742d6465636f726174696f6e3a206e6f6e653b0a0970616464696e673a313070783b0a09666f6e742d7765696768743a626f6c6465723b0a09746578742d616c69676e3a2063656e7465723b0a7d0a200a206469762e7375626d697443563a6163746976657b0a6261636b67726f756e642d636f6c6f723a234546454645463b0a7d0a6469762e7375626d697443563a686f7665727b0a6261636b67726f756e642d636f6c6f723a234546454645463b0a7d0a0a202e7375626d697443562d5355424d4954207b0a666f6e742d66616d696c793a20417269616c2c2048656c7665746963612c2073616e732d73657269663b0a09636f6c6f723a20233342353939383b0a09666f6e742d73697a653a20323070783b0a09746578742d6465636f726174696f6e3a206e6f6e653b0a0970616464696e673a313070783b0a09666f6e742d7765696768743a626f6c6465723b0a09746578742d616c69676e3a2063656e7465723b0a0909746578742d6465636f726174696f6e3a206e6f6e653b0a7d0a0a200a2f2a0a23356337356139206261636b67726f756e6420636f6c6f720a2338613963633220746f7020626f726465720a2332393434376520626f726465720a2331613335366520626f7264657220626f74746f6d0a2334663661613320686f766572206261636b67726f756e6420636f6c6f720a2a2f0a200a2e626f74746f6d207b0a706f736974696f6e3a72656c61746976653b0a6d617267696e2d746f703a202d343070783b0a626f726465723a6e6f6e653b0a666f6e742d66616d696c793a20417269616c2c2048656c7665746963612c2073616e732d73657269663b0a09666f6e742d73697a653a203870783b0a09666c6f61743a2072696768743b0a0977696474683a2031303470783b0a0a7d0a2e66616365626f6f6b207b0a0a09666f6e742d73697a653a203b0a09636f6c6f723a20233636363b0a096d617267696e3a20302e32656d203020302e34656d20303b0a090a0a7d0a0a2e7172636f6465207b0a0a666c6f61743a2072696768743b0a0a7d0a0a0a200a2e627574746f6e5f6f7574736964655f626f726465725f626c75657b0a77696474683a31303070783b0a626f726465723a736f6c69642023323934343765203170783b0a626f726465722d626f74746f6d3a736f6c69642023316133353665203170783b0a637572736f723a706f696e7465723b0a666c6f61743a2072696768743b0a7d0a200a2e627574746f6e5f696e736964655f626f726465725f626c75657b0a70616464696e673a36707820302036707820303b0a6261636b67726f756e642d636f6c6f723a233563373561393b0a626f726465722d746f703a736f6c69642023386139636332203170783b0a746578742d616c69676e3a63656e7465723b0a636f6c6f723a236666666666663b0a666f6e742d73697a653a313270783b0a666f6e742d7765696768743a626f6c6465723b0a7d0a200a6469762e627574746f6e5f696e736964655f626f726465725f626c75653a6163746976657b0a6261636b67726f756e642d636f6c6f723a233466366161333b0a7d0a6469762e627574746f6e5f696e736964655f626f726465725f626c75653a686f7665727b0a6261636b67726f756e642d636f6c6f723a233466366161333b0a7d0a0a2e6a6f627469746c65207b0a666f6e742d66616d696c793a20417269616c2c2048656c7665746963612c2073616e732d73657269663b0a09636f6c6f723a20233342353939383b0a09666f6e742d73697a653a20323070783b0a09746578742d6465636f726174696f6e3a206e6f6e653b0a09666f6e742d7765696768743a626f6c6465723b0a7d0a0a2e64657363207b0a666f6e742d66616d696c793a20417269616c2c2048656c7665746963612c2073616e732d73657269663b0a09636f6c6f723a20233030303030303b0a09666f6e742d73697a653a20313270783b0a0a7d0a0a2e6465736320613a6c696e6b207b0a666f6e742d66616d696c793a20417269616c2c2048656c7665746963612c2073616e732d73657269663b0a0a09666f6e742d73697a653a20313270783b0a0a7d0a0a23636f6e74656e74626f78207b0a70616464696e673a20313070783b200a666f6e742d66616d696c793a20417269616c2c2048656c7665746963612c2073616e732d73657269663b0a09666f6e742d73697a653a20313270783b0a09666f6e742d7765696768743a206e6f726d616c3b0a09636f6c6f723a20233333333b0a096c696e652d6865696768743a20312e35656d3b0a6261636b67726f756e642d636f6c6f723a2072676261283235352c3235352c3235352c302e36293b0a7d0a0a6831207b0a20202020636c6561723a20626f74683b0a20202020666f6e742d66616d696c793a20417269616c2c48656c7665746963612c73616e732d73657269663b0a20202020666f6e742d73697a653a20323270783b0a202020206c696e652d6865696768743a20313030253b0a202020206d617267696e2d626f74746f6d3a20323570783b0a7d, ''),
(17, 'Zenith', 'http://zenmgt.turborecruit.com.au/job/jobs_to_rss.cfm?', 0x3c7461626c652077696474683d2237393070782220626f726465723d2230222063656c6c73706163696e673d2230222063656c6c70616464696e673d2235223e0a20203c74723e0a202020203c74642076616c69676e3d22746f70223e0a090a093c6469762069643d22636f6e74656e74626f78223e0a093c68313e5765277265206865726520746f2068656c702e3c2f68313e0a5a656e697468206973204175737472616c6961e2809973206c656164696e6720656d706c6f796d656e74206167656e637920696e2074686520696e666f726d6174696f6e206d616e6167656d656e74206669656c642e204f7572207465616d206f6620657870657269656e63656420696e666f726d6174696f6e20636f6e73756c74616e7473207370656369616c69736520696e20706c6163696e67207468652072696768742063616e6469646174657320696e20746865207269676874206a6f62732e0a0a093c2f6469763e0a093c2f62723e0a090a090a093c6469762069643d22636f6e74656e74626f78223e0a093c68313e52656769737465722077697468205a656e6974682e3c2f68313e0a09496620796f7520686176656ee2809974206265656e20696e20636f6e746163742077697468207573206265666f7265206f7220617265207669736974696e6720757320666f72207468652066697273742074696d6520696e2061207768696c652c207265676973746572696e6720796f75722064657461696c73207769746820757320697320616e20657373656e7469616c2066697273742073746570e280a62e204f6e636520796f75206861766520726567697374657265642077697468205a656e6974682c20796f752063616e20616c736f207365742075702061204a6f6220416c65727420746f2072656365697665206175746f6d61746963206e6f74696669636174696f6e20656163682074696d652061206e6577206a6f622074686174206d61746368657320796f757220707265666572656e63657320697320706f737465642e3c62723e203c64697620636c6173733d227375626d697443562d5355424d4954223e3c6120687265663d22687474703a2f2f7a656e6d67742e747572626f726563727569742e636f6d2e61752f757365722f757365725f6163636f756e742e63666d3f7369676e75703d31223e436c69636b20486572653c2f613e3c2f6469763e0a093c2f6469763e0a093c2f62723e0a090a090a090a093c6469762069643d22636f6e74656e74626f78223e0a090a093c68313e4469646e27742066696e6420746865206a6f6220796f752077657265206c6f6f6b696e6720666f723f3c2f68313e0a0941732070617274206f662074686520436172656572734d756c74694c697374206e6574776f726b20776520686176652061636365737320746f2068756e6465726473206f66206f7468657220636172656572732074686174206d617920696e74657265737420796f752e3c62723e203c64697620636c6173733d227375626d697443562d5355424d4954223e3c6120687265663d2268747470733a2f2f617070732e317374736f6369616c2e636f6d2e61752f696e6465782e7068702f626f6172645f636f6e74726f6c6c65722f73686f775f626f6172642f436172656572734d756c74694c697374223e436c69636b20486572653c2f613e3c2f6469763e0a093c2f6469763e0a093c2f62723e0a090a093c2f74643e0a202020203c74642076616c69676e3d22746f70222077696474683d22353230223e3c6469762069643d226a6f6273223e3c2f6469763e3c2f74643e0a20203c2f74723e0a3c2f7461626c653e, '380458451998046', 0x406368617273657420225554462d38223b0a0a0a626f6479207b0a77696474683a38313070783b0a6f766572666c6f773a68696464656e3b0a6d617267696e3a313070783b2070616464696e673a303b20626f726465723a303b0a202020206261636b67726f756e642d636f6c6f723a20236534653465343b0a202020206261636b67726f756e642d696d6167653a2075726c286261636b67726f756e642e6a7067293b0a202020206261636b67726f756e642d7265706561743a206e6f2d7265706561743b0a096261636b67726f756e642d6174746163686d656e743a2066697865643b0a09666f6e742d66616d696c793a20226c7563696461206772616e6465222c207461686f6d612c2076657264616e612c20617269616c2c2073616e732d73657269663b0a0a7d0a0a613a6c696e6b207b636f6c6f723a20233342353939383b20746578742d6465636f726174696f6e3a206e6f6e653b7d0a613a76697369746564207b636f6c6f723a20233342353939383b20746578742d6465636f726174696f6e3a206e6f6e653b7d0a613a616374697665207b636f6c6f723a20233342353939383b20746578742d6465636f726174696f6e3a206e6f6e653b7d0a613a686f766572207b746578742d6465636f726174696f6e3a206e6f6e653b20636f6c6f723a20233466366161333b7d0a0a737562207b0a646973706c61793a206e6f6e653b0a7d0a0a2e72737346656564207b0a09666f6e742d66616d696c793a20417269616c2c2048656c7665746963612c2073616e732d73657269663b0a09666f6e742d73697a653a20313270783b0a090a7d0a2e727373466565642061207b0a09636f6c6f723a20233342353939383b0a09666f6e742d73697a653a20313870783b0a09746578742d6465636f726174696f6e3a206e6f6e653b0a7d0a2e7273734665656420613a686f766572207b0a09636f6c6f723a20233342353939383b0a09746578742d6465636f726174696f6e3a20756e6465726c696e653b0a7d0a0a2e727373486561646572207b2070616464696e673a20302e32656d20303b207d0a0a2e727373426f6479207b20626f726465722d626f74746f6d3a2032707820736f6c696420234331433143313b0a626f726465722d746f703a2031707820736f6c696420234331433143313b207d0a2e727373426f647920756c207b206c6973742d7374796c653a206e6f6e653b207d0a2e727373426f647920756c2c202e727373526f772c202e727373526f772068342c202e727373526f772070207b0a096d617267696e3a20303b0a0970616464696e673a20303b0a7d0a0a2e727373526f77207b2070616464696e673a20302e38656d3b0a626f726465722d6c6566743a2031707820736f6c696420234331433143313b0a626f726465722d72696768743a2031707820736f6c696420234331433143313b0a626f726465722d746f703a2031707820736f6c696420234331433143313b207d0a2e727373526f77206834207b20666f6e742d73697a653a203870783b207d0a2e64617465207b0a09666f6e742d73697a653a203b0a09636f6c6f723a20233636363b0a096d617267696e3a20302e32656d203020302e34656d20303b0a7d0a0a6c693a6e74682d6368696c64286f6464297b206261636b67726f756e642d636f6c6f723a20236666666666663b207d0a6c693a6e74682d6368696c64286576656e297b206261636b67726f756e642d636f6c6f723a20234544454646343b207d0a0a2e727373526f773a6163746976657b0a6261636b67726f756e642d636f6c6f723a234546454645463b0a7d0a2e727373526f773a686f7665727b0a6261636b67726f756e642d636f6c6f723a234546454645463b0a7d0a0a2e77726170203a686f7665727b0a6261636b67726f756e642d636f6c6f723a234445453345433b0a7d0a0a2e727373526f77202e7273734d65646961207b0a0970616464696e673a20302e35656d3b0a09666f6e742d73697a653a2031656d3b0a7d0a0a2e7375626d69744356207b0a626f726465722d6c6566743a2031707820736f6c696420234331433143313b0a626f726465722d72696768743a2031707820736f6c696420234331433143313b0a626f726465722d746f703a2032707820736f6c696420233934413343343b0a626f726465722d626f74746f6d3a2032707820736f6c696420234331433143313b0a6d617267696e2d626f74746f6d3a20313070783b0a6261636b67726f756e642d636f6c6f723a20234544454646343b0a70616464696e673a20313070783b0a666f6e742d66616d696c793a20417269616c2c2048656c7665746963612c2073616e732d73657269663b0a09666f6e742d73697a653a20313270783b0a09746578742d6465636f726174696f6e3a206e6f6e653b0a09636f6c6f723a20233030303b0a09746578742d616c69676e3a2063656e7465723b0a207d0a200a202e64726f70646f776e207b0a626f726465722d6c6566743a2031707820736f6c696420234331433143313b0a626f726465722d72696768743a2031707820736f6c696420234331433143313b0a626f726465722d746f703a2032707820736f6c696420233934413343343b0a626f726465722d626f74746f6d3a2032707820736f6c696420234331433143313b0a6261636b67726f756e642d636f6c6f723a20234544454646343b0a666f6e742d66616d696c793a20417269616c2c2048656c7665746963612c2073616e732d73657269663b0a09666f6e742d73697a653a20313270783b0a09746578742d6465636f726174696f6e3a206e6f6e653b0a09636f6c6f723a20233030303b0a09746578742d616c69676e3a2063656e7465723b0a207d0a202e7375626d697443562d6f75746572207b0a0a09746578742d6465636f726174696f6e3a206e6f6e653b0a0a207d0a0a202e736f75726365207b0a666f6e742d66616d696c793a20417269616c2c2048656c7665746963612c2073616e732d73657269663b0a09636f6c6f723a20233342353939383b0a09666f6e742d73697a653a20313470783b0a09746578742d6465636f726174696f6e3a206e6f6e653b0a0970616464696e673a313070783b0a09666f6e742d7765696768743a626f6c6465723b0a09746578742d616c69676e3a2063656e7465723b0a7d0a200a206469762e7375626d697443563a6163746976657b0a6261636b67726f756e642d636f6c6f723a234546454645463b0a7d0a6469762e7375626d697443563a686f7665727b0a6261636b67726f756e642d636f6c6f723a234546454645463b0a7d0a0a202e7375626d697443562d5355424d4954207b0a666f6e742d66616d696c793a20417269616c2c2048656c7665746963612c2073616e732d73657269663b0a09636f6c6f723a20233342353939383b0a09666f6e742d73697a653a20323070783b0a09746578742d6465636f726174696f6e3a206e6f6e653b0a0970616464696e673a313070783b0a09666f6e742d7765696768743a626f6c6465723b0a09746578742d616c69676e3a2063656e7465723b0a0909746578742d6465636f726174696f6e3a206e6f6e653b0a7d0a0a200a2f2a0a23356337356139206261636b67726f756e6420636f6c6f720a2338613963633220746f7020626f726465720a2332393434376520626f726465720a2331613335366520626f7264657220626f74746f6d0a2334663661613320686f766572206261636b67726f756e6420636f6c6f720a2a2f0a200a2e626f74746f6d207b0a706f736974696f6e3a72656c61746976653b0a6d617267696e2d746f703a202d343070783b0a626f726465723a6e6f6e653b0a666f6e742d66616d696c793a20417269616c2c2048656c7665746963612c2073616e732d73657269663b0a09666f6e742d73697a653a203870783b0a09666c6f61743a2072696768743b0a0977696474683a2031303470783b0a0a7d0a2e66616365626f6f6b207b0a0a09666f6e742d73697a653a203b0a09636f6c6f723a20233636363b0a096d617267696e3a20302e32656d203020302e34656d20303b0a090a0a7d0a0a2e7172636f6465207b0a0a666c6f61743a2072696768743b0a0a7d0a0a0a200a2e627574746f6e5f6f7574736964655f626f726465725f626c75657b0a77696474683a31303070783b0a626f726465723a736f6c69642023323934343765203170783b0a626f726465722d626f74746f6d3a736f6c69642023316133353665203170783b0a637572736f723a706f696e7465723b0a666c6f61743a2072696768743b0a7d0a200a2e627574746f6e5f696e736964655f626f726465725f626c75657b0a70616464696e673a36707820302036707820303b0a6261636b67726f756e642d636f6c6f723a233563373561393b0a626f726465722d746f703a736f6c69642023386139636332203170783b0a746578742d616c69676e3a63656e7465723b0a636f6c6f723a236666666666663b0a666f6e742d73697a653a313270783b0a666f6e742d7765696768743a626f6c6465723b0a7d0a200a6469762e627574746f6e5f696e736964655f626f726465725f626c75653a6163746976657b0a6261636b67726f756e642d636f6c6f723a233466366161333b0a7d0a6469762e627574746f6e5f696e736964655f626f726465725f626c75653a686f7665727b0a6261636b67726f756e642d636f6c6f723a233466366161333b0a7d0a0a2e6a6f627469746c65207b0a666f6e742d66616d696c793a20417269616c2c2048656c7665746963612c2073616e732d73657269663b0a09636f6c6f723a20233342353939383b0a09666f6e742d73697a653a20323070783b0a09746578742d6465636f726174696f6e3a206e6f6e653b0a09666f6e742d7765696768743a626f6c6465723b0a7d0a0a2e64657363207b0a666f6e742d66616d696c793a20417269616c2c2048656c7665746963612c2073616e732d73657269663b0a09636f6c6f723a20233030303030303b0a09666f6e742d73697a653a20313270783b0a0a7d0a0a2e6465736320613a6c696e6b207b0a666f6e742d66616d696c793a20417269616c2c2048656c7665746963612c2073616e732d73657269663b0a0a09666f6e742d73697a653a20313270783b0a0a7d0a0a23636f6e74656e74626f78207b0a70616464696e673a20313070783b200a666f6e742d66616d696c793a20417269616c2c2048656c7665746963612c2073616e732d73657269663b0a09666f6e742d73697a653a20313270783b0a09666f6e742d7765696768743a206e6f726d616c3b0a09636f6c6f723a20233333333b0a096c696e652d6865696768743a20312e35656d3b0a6261636b67726f756e642d696d6167653a2075726c282762672d7472616e732e706e6727293b0a7d, ''),
(19, 'CareersMultiList', 'http://careersmultilist.com.au/RSSFeed.aspx?search=1&CountryID=1&Page=1', 0x3c7461626c652077696474683d2237393070782220626f726465723d2230222063656c6c73706163696e673d2230222063656c6c70616464696e673d2235223e0a20203c74723e0a202020203c74642076616c69676e3d22746f70223e0a090a093c6469762069643d22636f6e74656e74626f78223e0a093c68313e5765277265206865726520746f2068656c702e3c2f68313e0a09434d4c206973206865726520746f2068656c7020796f7520616c6f6e6720796f75722063617265657220706174682e2042726f777365206f75722063757272656e746c7920617661696c61626c65206a6f6273206f7220696620796f75206861766520616e797468696e6720796f752764206c696b6520746f206469736375737320776974682075732c206665656c206672656520746f2073656e642075732061203c6120687265663d22687474703a2f2f7777772e66616365626f6f6b2e636f6d2f6d657373616765732f436172656572734d756c74694c697374223e6d6573736167653c2f613e2e0a093c2f6469763e0a093c2f62723e0a090a090a093c2f74643e0a202020203c74642076616c69676e3d22746f70222077696474683d22353230223e3c6469762069643d226a6f6273223e3c2f6469763e3c2f74643e0a20203c2f74723e0a3c2f7461626c653e, '529754777070600', 0x406368617273657420225554462d38223b0a0a0a626f6479207b0a77696474683a38313070783b0a6f766572666c6f773a68696464656e3b0a6d617267696e3a313070783b2070616464696e673a303b20626f726465723a303b0a202020206261636b67726f756e642d636f6c6f723a20236666666666663b0a202020206261636b67726f756e642d696d6167653a2075726c286170706261636b67726f756e642e6a7067293b0a202020206261636b67726f756e642d7265706561743a207265706561742d783b0a096261636b67726f756e642d6174746163686d656e743a2066697865643b0a09666f6e742d66616d696c793a20226c7563696461206772616e6465222c207461686f6d612c2076657264616e612c20617269616c2c2073616e732d73657269663b0a0a7d0a0a6120696d67207b0a09626f726465723a6e6f6e653b0a7d0a0a61207b0a09636f6c6f723a233539373037423b0a09746578742d6465636f726174696f6e3a6e6f6e653b0a09666f6e742d7765696768743a3730303b0a7d0a613a686f766572207b0a09746578742d6465636f726174696f6e3a6e6f6e653b0a7d0a613a6163746976652c20613a766973697465642c20613a666f6375730a7b0a096f75746c696e653a206e6f6e653b0a09626f726465723a20303b0a7d0a0a613a666f6375730a7b0a092d6d6f7a2d6f75746c696e652d7374796c653a206e6f6e653b0a096f75746c696e653a20303b0a7d0a0a613a666f6375732c202a3a666f637573207b0a202020206e6f466f6375734c696e653a2065787072657373696f6e28746869732e6f6e466f6375733d746869732e626c75722829293b0a7d0a0a2364796e616d69632d636f6e74656e7420613a686f7665727b0a09746578742d6465636f726174696f6e3a20756e6465726c696e653b0a7d0a0a737562207b0a646973706c61793a206e6f6e653b0a7d0a0a2e72737346656564207b0a09666f6e742d66616d696c793a20417269616c2c2048656c7665746963612c2073616e732d73657269663b0a09666f6e742d73697a653a20313270783b0a090a7d0a2e727373466565642061207b0a09636f6c6f723a20233342353939383b0a09666f6e742d73697a653a20313870783b0a09746578742d6465636f726174696f6e3a206e6f6e653b0a7d0a2e7273734665656420613a686f766572207b0a09636f6c6f723a20233342353939383b0a09746578742d6465636f726174696f6e3a20756e6465726c696e653b0a7d0a0a2e727373486561646572207b2070616464696e673a20302e32656d20303b207d0a0a2e727373426f6479207b20626f726465722d626f74746f6d3a2032707820736f6c696420234331433143313b0a626f726465722d746f703a2031707820736f6c696420234331433143313b207d0a2e727373426f647920756c207b206c6973742d7374796c653a206e6f6e653b207d0a2e727373426f647920756c2c202e727373526f772c202e727373526f772068342c202e727373526f772070207b0a096d617267696e3a20303b0a0970616464696e673a20303b0a7d0a0a2e727373526f77207b2070616464696e673a20302e38656d3b0a626f726465722d6c6566743a2031707820736f6c696420234331433143313b0a626f726465722d72696768743a2031707820736f6c696420234331433143313b0a626f726465722d746f703a2031707820736f6c696420234331433143313b207d0a2e727373526f77206834207b20666f6e742d73697a653a203870783b207d0a2e64617465207b0a09666f6e742d73697a653a203b0a09636f6c6f723a20233636363b0a096d617267696e3a20302e32656d203020302e34656d20303b0a7d0a0a6c693a6e74682d6368696c64286f6464297b206261636b67726f756e642d636f6c6f723a20236666666666663b207d0a6c693a6e74682d6368696c64286576656e297b206261636b67726f756e642d636f6c6f723a20234544454646343b207d0a0a23636f6e74656e746c697374206c693a6e74682d6368696c64286f6464297b206261636b67726f756e642d636f6c6f723a207472616e73706172656e743b207d0a23636f6e74656e746c697374206c693a6e74682d6368696c64286576656e297b206261636b67726f756e642d636f6c6f723a207472616e73706172656e743b207d0a0a2e727373526f773a6163746976657b0a6261636b67726f756e642d636f6c6f723a234546454645463b0a7d0a2e727373526f773a686f7665727b0a6261636b67726f756e642d636f6c6f723a234546454645463b0a7d0a0a2e77726170203a686f7665727b0a6261636b67726f756e642d636f6c6f723a234445453345433b0a7d0a0a2e727373526f77202e7273734d65646961207b0a0970616464696e673a20302e35656d3b0a09666f6e742d73697a653a2031656d3b0a7d0a0a2e7375626d69744356207b0a626f726465722d6c6566743a2031707820736f6c696420234331433143313b0a626f726465722d72696768743a2031707820736f6c696420234331433143313b0a626f726465722d746f703a2032707820736f6c696420233934413343343b0a626f726465722d626f74746f6d3a2032707820736f6c696420234331433143313b0a6d617267696e2d626f74746f6d3a20313070783b0a6261636b67726f756e642d636f6c6f723a20234544454646343b0a70616464696e673a20313070783b0a666f6e742d66616d696c793a20417269616c2c2048656c7665746963612c2073616e732d73657269663b0a09666f6e742d73697a653a20313270783b0a09746578742d6465636f726174696f6e3a206e6f6e653b0a09636f6c6f723a20233030303b0a09746578742d616c69676e3a2063656e7465723b0a207d0a200a202e64726f70646f776e207b0a626f726465722d6c6566743a2031707820736f6c696420234331433143313b0a626f726465722d72696768743a2031707820736f6c696420234331433143313b0a626f726465722d746f703a2032707820736f6c696420233934413343343b0a626f726465722d626f74746f6d3a2032707820736f6c696420234331433143313b0a6261636b67726f756e642d636f6c6f723a20234544454646343b0a666f6e742d66616d696c793a20417269616c2c2048656c7665746963612c2073616e732d73657269663b0a09666f6e742d73697a653a20313270783b0a09746578742d6465636f726174696f6e3a206e6f6e653b0a09636f6c6f723a20233030303b0a09746578742d616c69676e3a2063656e7465723b0a207d0a202e7375626d697443562d6f75746572207b0a0a09746578742d6465636f726174696f6e3a206e6f6e653b0a0a207d0a0a202e736f75726365207b0a666f6e742d66616d696c793a20417269616c2c2048656c7665746963612c2073616e732d73657269663b0a09636f6c6f723a20233342353939383b0a09666f6e742d73697a653a20313470783b0a09746578742d6465636f726174696f6e3a206e6f6e653b0a0970616464696e673a313070783b0a09666f6e742d7765696768743a626f6c6465723b0a09746578742d616c69676e3a2063656e7465723b0a7d0a200a206469762e7375626d697443563a6163746976657b0a6261636b67726f756e642d636f6c6f723a234546454645463b0a7d0a6469762e7375626d697443563a686f7665727b0a6261636b67726f756e642d636f6c6f723a234546454645463b0a7d0a0a202e7375626d697443562d5355424d4954207b0a666f6e742d66616d696c793a20417269616c2c2048656c7665746963612c2073616e732d73657269663b0a09636f6c6f723a20233342353939383b0a09666f6e742d73697a653a20323070783b0a09746578742d6465636f726174696f6e3a206e6f6e653b0a0970616464696e673a313070783b0a09666f6e742d7765696768743a626f6c6465723b0a09746578742d616c69676e3a2063656e7465723b0a0909746578742d6465636f726174696f6e3a206e6f6e653b0a7d0a0a200a2f2a0a23356337356139206261636b67726f756e6420636f6c6f720a2338613963633220746f7020626f726465720a2332393434376520626f726465720a2331613335366520626f7264657220626f74746f6d0a2334663661613320686f766572206261636b67726f756e6420636f6c6f720a2a2f0a200a2e626f74746f6d207b0a706f736974696f6e3a72656c61746976653b0a6d617267696e2d746f703a202d343070783b0a626f726465723a6e6f6e653b0a666f6e742d66616d696c793a20417269616c2c2048656c7665746963612c2073616e732d73657269663b0a09666f6e742d73697a653a203870783b0a09666c6f61743a2072696768743b0a0977696474683a2031303470783b0a0a7d0a2e66616365626f6f6b207b0a0a09666f6e742d73697a653a203b0a09636f6c6f723a20233636363b0a096d617267696e3a20302e32656d203020302e34656d20303b0a090a0a7d0a0a2e7172636f6465207b0a0a666c6f61743a2072696768743b0a0a7d0a0a0a200a2e627574746f6e5f6f7574736964655f626f726465725f626c75657b0a77696474683a31303070783b0a626f726465723a736f6c69642023323934343765203170783b0a626f726465722d626f74746f6d3a736f6c69642023316133353665203170783b0a637572736f723a706f696e7465723b0a666c6f61743a2072696768743b0a7d0a200a2e627574746f6e5f696e736964655f626f726465725f626c75657b0a70616464696e673a36707820302036707820303b0a6261636b67726f756e642d636f6c6f723a233563373561393b0a626f726465722d746f703a736f6c69642023386139636332203170783b0a746578742d616c69676e3a63656e7465723b0a636f6c6f723a236666666666663b0a666f6e742d73697a653a313270783b0a666f6e742d7765696768743a626f6c6465723b0a7d0a200a6469762e627574746f6e5f696e736964655f626f726465725f626c75653a6163746976657b0a6261636b67726f756e642d636f6c6f723a233466366161333b0a7d0a6469762e627574746f6e5f696e736964655f626f726465725f626c75653a686f7665727b0a6261636b67726f756e642d636f6c6f723a233466366161333b0a7d0a0a2e6a6f627469746c65207b0a666f6e742d66616d696c793a20417269616c2c2048656c7665746963612c2073616e732d73657269663b0a09636f6c6f723a20233342353939383b0a09666f6e742d73697a653a20323070783b0a09746578742d6465636f726174696f6e3a206e6f6e653b0a09666f6e742d7765696768743a626f6c6465723b0a7d0a0a2e64657363207b0a666f6e742d66616d696c793a20417269616c2c2048656c7665746963612c2073616e732d73657269663b0a09636f6c6f723a20233030303030303b0a09666f6e742d73697a653a20313270783b0a0a7d0a0a2e6465736320613a6c696e6b207b0a666f6e742d66616d696c793a20417269616c2c2048656c7665746963612c2073616e732d73657269663b0a0a09666f6e742d73697a653a20313270783b0a0a7d0a0a23636f6e74656e74626f78207b0a70616464696e673a20313070783b200a666f6e742d66616d696c793a20417269616c2c2048656c7665746963612c2073616e732d73657269663b0a09666f6e742d73697a653a20313270783b0a09666f6e742d7765696768743a206e6f726d616c3b0a09636f6c6f723a20233333333b0a096c696e652d6865696768743a20312e35656d3b0a6261636b67726f756e642d636f6c6f723a2072676261283235352c3235352c3235352c302e36293b0a7d0a0a6831207b0a20202020636c6561723a20626f74683b0a20202020666f6e742d66616d696c793a20417269616c2c48656c7665746963612c73616e732d73657269663b0a20202020666f6e742d73697a653a20323270783b0a202020206c696e652d6865696768743a20313030253b0a202020206d617267696e2d626f74746f6d3a20323570783b0a7d, '');
INSERT INTO `rss_board` (`id`, `board_name`, `board_url`, `board_html`, `fb_app_id`, `board_css`, `board_background`) VALUES
(20, 'AFLRecruitment', 'http://www.aflrecruitment.com.au/jobs-listing/feed/', 0x3c7461626c652077696474683d2237393070782220626f726465723d2230222063656c6c73706163696e673d2230222063656c6c70616464696e673d2235223e0a20203c74723e0a202020203c74642076616c69676e3d22746f70223e0a090a093c6469762069643d22636f6e74656e74626f78223e0a093c68313e5765277265206865726520746f2068656c702e3c2f68313e0a0941464c20526563727569746d656e74206973206865726520746f2068656c7020796f7520616c6f6e6720796f75722063617265657220706174682e2042726f777365206f75722063757272656e746c7920617661696c61626c65206a6f6273206f7220696620796f75206861766520616e797468696e6720796f752764206c696b6520746f206469736375737320776974682075732c206665656c206672656520746f2073656e642075732061203c6120687265663d2268747470733a2f2f7777772e66616365626f6f6b2e636f6d2f6d657373616765732f313235353835393534323638393437223e6d6573736167653c2f613e2e0a093c2f6469763e0a093c2f62723e0a090a09093c6469762069643d22636f6e74656e74626f78223e0a090a3c68313e4469646e27742066696e6420746865206a6f6220796f752077657265206c6f6f6b696e6720666f723f3c2f68313e0a0941732070617274206f662074686520436172656572734d756c74694c697374206e6574776f726b20776520686176652061636365737320746f2068756e6465726473206f66206f7468657220636172656572732074686174206d617920696e74657265737420796f752e3c62723e203c64697620636c6173733d227375626d697443562d5355424d4954223e3c6120687265663d2268747470733a2f2f617070732e317374736f6369616c2e636f6d2e61752f696e6465782e7068702f626f6172645f636f6e74726f6c6c65722f73686f775f626f6172642f436172656572734d756c74694c697374223e436c69636b20486572653c2f613e3c2f6469763e0a093c2f6469763e0a093c2f62723e0a090a093c2f74643e0a202020203c74642076616c69676e3d22746f70222077696474683d22353230223e3c6469762069643d226a6f6273223e3c2f6469763e3c2f74643e0a20203c2f74723e0a3c2f7461626c653e, '499822386752490', 0x406368617273657420225554462d38223b0a0a0a626f6479207b0a77696474683a38313070783b0a6f766572666c6f773a68696464656e3b0a6d617267696e3a313070783b2070616464696e673a303b20626f726465723a303b0a202020206261636b67726f756e642d636f6c6f723a20236666666666663b0a202020206261636b67726f756e642d696d6167653a2075726c286170706261636b67726f756e642e6a7067293b0a202020206261636b67726f756e642d7265706561743a207265706561742d783b0a096261636b67726f756e642d6174746163686d656e743a2066697865643b0a09666f6e742d66616d696c793a20226c7563696461206772616e6465222c207461686f6d612c2076657264616e612c20617269616c2c2073616e732d73657269663b0a0a7d0a0a6120696d67207b0a09626f726465723a6e6f6e653b0a7d0a0a61207b0a09636f6c6f723a233539373037423b0a09746578742d6465636f726174696f6e3a6e6f6e653b0a09666f6e742d7765696768743a3730303b0a7d0a613a686f766572207b0a09746578742d6465636f726174696f6e3a6e6f6e653b0a7d0a613a6163746976652c20613a766973697465642c20613a666f6375730a7b0a096f75746c696e653a206e6f6e653b0a09626f726465723a20303b0a7d0a0a613a666f6375730a7b0a092d6d6f7a2d6f75746c696e652d7374796c653a206e6f6e653b0a096f75746c696e653a20303b0a7d0a0a613a666f6375732c202a3a666f637573207b0a202020206e6f466f6375734c696e653a2065787072657373696f6e28746869732e6f6e466f6375733d746869732e626c75722829293b0a7d0a0a2364796e616d69632d636f6e74656e7420613a686f7665727b0a09746578742d6465636f726174696f6e3a20756e6465726c696e653b0a7d0a0a737562207b0a646973706c61793a206e6f6e653b0a7d0a0a2e72737346656564207b0a09666f6e742d66616d696c793a20417269616c2c2048656c7665746963612c2073616e732d73657269663b0a09666f6e742d73697a653a20313270783b0a090a7d0a2e727373466565642061207b0a09636f6c6f723a20233342353939383b0a09666f6e742d73697a653a20313870783b0a09746578742d6465636f726174696f6e3a206e6f6e653b0a7d0a2e7273734665656420613a686f766572207b0a09636f6c6f723a20233342353939383b0a09746578742d6465636f726174696f6e3a20756e6465726c696e653b0a7d0a0a2e727373486561646572207b2070616464696e673a20302e32656d20303b207d0a0a2e727373426f6479207b20626f726465722d626f74746f6d3a2032707820736f6c696420234331433143313b0a626f726465722d746f703a2031707820736f6c696420234331433143313b207d0a2e727373426f647920756c207b206c6973742d7374796c653a206e6f6e653b207d0a2e727373426f647920756c2c202e727373526f772c202e727373526f772068342c202e727373526f772070207b0a096d617267696e3a20303b0a0970616464696e673a20303b0a7d0a0a2e727373526f77207b2070616464696e673a20302e38656d3b0a626f726465722d6c6566743a2031707820736f6c696420234331433143313b0a626f726465722d72696768743a2031707820736f6c696420234331433143313b0a626f726465722d746f703a2031707820736f6c696420234331433143313b207d0a2e727373526f77206834207b20666f6e742d73697a653a203870783b207d0a2e64617465207b0a09666f6e742d73697a653a203b0a09636f6c6f723a20233636363b0a096d617267696e3a20302e32656d203020302e34656d20303b0a7d0a0a6c693a6e74682d6368696c64286f6464297b206261636b67726f756e642d636f6c6f723a20236666666666663b207d0a6c693a6e74682d6368696c64286576656e297b206261636b67726f756e642d636f6c6f723a20234544454646343b207d0a0a23636f6e74656e746c697374206c693a6e74682d6368696c64286f6464297b206261636b67726f756e642d636f6c6f723a207472616e73706172656e743b207d0a23636f6e74656e746c697374206c693a6e74682d6368696c64286576656e297b206261636b67726f756e642d636f6c6f723a207472616e73706172656e743b207d0a0a2e727373526f773a6163746976657b0a6261636b67726f756e642d636f6c6f723a234546454645463b0a7d0a2e727373526f773a686f7665727b0a6261636b67726f756e642d636f6c6f723a234546454645463b0a7d0a0a2e77726170203a686f7665727b0a6261636b67726f756e642d636f6c6f723a234445453345433b0a7d0a0a2e727373526f77202e7273734d65646961207b0a0970616464696e673a20302e35656d3b0a09666f6e742d73697a653a2031656d3b0a7d0a0a2e7375626d69744356207b0a626f726465722d6c6566743a2031707820736f6c696420234331433143313b0a626f726465722d72696768743a2031707820736f6c696420234331433143313b0a626f726465722d746f703a2032707820736f6c696420233934413343343b0a626f726465722d626f74746f6d3a2032707820736f6c696420234331433143313b0a6d617267696e2d626f74746f6d3a20313070783b0a6261636b67726f756e642d636f6c6f723a20234544454646343b0a70616464696e673a20313070783b0a666f6e742d66616d696c793a20417269616c2c2048656c7665746963612c2073616e732d73657269663b0a09666f6e742d73697a653a20313270783b0a09746578742d6465636f726174696f6e3a206e6f6e653b0a09636f6c6f723a20233030303b0a09746578742d616c69676e3a2063656e7465723b0a207d0a200a202e64726f70646f776e207b0a626f726465722d6c6566743a2031707820736f6c696420234331433143313b0a626f726465722d72696768743a2031707820736f6c696420234331433143313b0a626f726465722d746f703a2032707820736f6c696420233934413343343b0a626f726465722d626f74746f6d3a2032707820736f6c696420234331433143313b0a6261636b67726f756e642d636f6c6f723a20234544454646343b0a666f6e742d66616d696c793a20417269616c2c2048656c7665746963612c2073616e732d73657269663b0a09666f6e742d73697a653a20313270783b0a09746578742d6465636f726174696f6e3a206e6f6e653b0a09636f6c6f723a20233030303b0a09746578742d616c69676e3a2063656e7465723b0a207d0a202e7375626d697443562d6f75746572207b0a0a09746578742d6465636f726174696f6e3a206e6f6e653b0a0a207d0a0a202e736f75726365207b0a666f6e742d66616d696c793a20417269616c2c2048656c7665746963612c2073616e732d73657269663b0a09636f6c6f723a20233342353939383b0a09666f6e742d73697a653a20313470783b0a09746578742d6465636f726174696f6e3a206e6f6e653b0a0970616464696e673a313070783b0a09666f6e742d7765696768743a626f6c6465723b0a09746578742d616c69676e3a2063656e7465723b0a7d0a200a206469762e7375626d697443563a6163746976657b0a6261636b67726f756e642d636f6c6f723a234546454645463b0a7d0a6469762e7375626d697443563a686f7665727b0a6261636b67726f756e642d636f6c6f723a234546454645463b0a7d0a0a202e7375626d697443562d5355424d4954207b0a666f6e742d66616d696c793a20417269616c2c2048656c7665746963612c2073616e732d73657269663b0a09636f6c6f723a20233342353939383b0a09666f6e742d73697a653a20323070783b0a09746578742d6465636f726174696f6e3a206e6f6e653b0a0970616464696e673a313070783b0a09666f6e742d7765696768743a626f6c6465723b0a09746578742d616c69676e3a2063656e7465723b0a0909746578742d6465636f726174696f6e3a206e6f6e653b0a7d0a0a200a2f2a0a23356337356139206261636b67726f756e6420636f6c6f720a2338613963633220746f7020626f726465720a2332393434376520626f726465720a2331613335366520626f7264657220626f74746f6d0a2334663661613320686f766572206261636b67726f756e6420636f6c6f720a2a2f0a200a2e626f74746f6d207b0a706f736974696f6e3a72656c61746976653b0a6d617267696e2d746f703a202d343070783b0a626f726465723a6e6f6e653b0a666f6e742d66616d696c793a20417269616c2c2048656c7665746963612c2073616e732d73657269663b0a09666f6e742d73697a653a203870783b0a09666c6f61743a2072696768743b0a0977696474683a2031303470783b0a0a7d0a2e66616365626f6f6b207b0a0a09666f6e742d73697a653a203b0a09636f6c6f723a20233636363b0a096d617267696e3a20302e32656d203020302e34656d20303b0a090a0a7d0a0a2e7172636f6465207b0a0a666c6f61743a2072696768743b0a0a7d0a0a0a200a2e627574746f6e5f6f7574736964655f626f726465725f626c75657b0a77696474683a31303070783b0a626f726465723a736f6c69642023323934343765203170783b0a626f726465722d626f74746f6d3a736f6c69642023316133353665203170783b0a637572736f723a706f696e7465723b0a666c6f61743a2072696768743b0a7d0a200a2e627574746f6e5f696e736964655f626f726465725f626c75657b0a70616464696e673a36707820302036707820303b0a6261636b67726f756e642d636f6c6f723a233563373561393b0a626f726465722d746f703a736f6c69642023386139636332203170783b0a746578742d616c69676e3a63656e7465723b0a636f6c6f723a236666666666663b0a666f6e742d73697a653a313270783b0a666f6e742d7765696768743a626f6c6465723b0a7d0a200a6469762e627574746f6e5f696e736964655f626f726465725f626c75653a6163746976657b0a6261636b67726f756e642d636f6c6f723a233466366161333b0a7d0a6469762e627574746f6e5f696e736964655f626f726465725f626c75653a686f7665727b0a6261636b67726f756e642d636f6c6f723a233466366161333b0a7d0a0a2e6a6f627469746c65207b0a666f6e742d66616d696c793a20417269616c2c2048656c7665746963612c2073616e732d73657269663b0a09636f6c6f723a20233342353939383b0a09666f6e742d73697a653a20323070783b0a09746578742d6465636f726174696f6e3a206e6f6e653b0a09666f6e742d7765696768743a626f6c6465723b0a7d0a0a2e64657363207b0a666f6e742d66616d696c793a20417269616c2c2048656c7665746963612c2073616e732d73657269663b0a09636f6c6f723a20233030303030303b0a09666f6e742d73697a653a20313270783b0a0a7d0a0a2e6465736320613a6c696e6b207b0a666f6e742d66616d696c793a20417269616c2c2048656c7665746963612c2073616e732d73657269663b0a0a09666f6e742d73697a653a20313270783b0a0a7d0a0a23636f6e74656e74626f78207b0a70616464696e673a20313070783b200a666f6e742d66616d696c793a20417269616c2c2048656c7665746963612c2073616e732d73657269663b0a09666f6e742d73697a653a20313270783b0a09666f6e742d7765696768743a206e6f726d616c3b0a09636f6c6f723a20233333333b0a096c696e652d6865696768743a20312e35656d3b0a6261636b67726f756e642d636f6c6f723a2072676261283235352c3235352c3235352c302e36293b0a7d0a0a6831207b0a20202020636c6561723a20626f74683b0a20202020666f6e742d66616d696c793a20417269616c2c48656c7665746963612c73616e732d73657269663b0a20202020666f6e742d73697a653a20323270783b0a202020206c696e652d6865696768743a20313030253b0a202020206d617267696e2d626f74746f6d3a20323570783b0a7d, '');

-- --------------------------------------------------------

--
-- Table structure for table `static_page`
--

CREATE TABLE IF NOT EXISTS `static_page` (
  `id` int(11) NOT NULL AUTO_INCREMENT,
  `page_name` varchar(30) COLLATE utf8_unicode_ci NOT NULL,
  `client_id` int(11) NOT NULL,
  `page_html` blob NOT NULL,
  `page_css` blob NOT NULL,
  `page_background` varchar(100) COLLATE utf8_unicode_ci NOT NULL,
  PRIMARY KEY (`id`)
) ENGINE=MyISAM DEFAULT CHARSET=utf8 COLLATE=utf8_unicode_ci AUTO_INCREMENT=1 ;

-- --------------------------------------------------------

--
-- Table structure for table `tags`
--

CREATE TABLE IF NOT EXISTS `tags` (
  `id` int(11) NOT NULL AUTO_INCREMENT,
  `name` varchar(30) NOT NULL,
  PRIMARY KEY (`id`)
) ENGINE=InnoDB  DEFAULT CHARSET=latin1 AUTO_INCREMENT=36 ;

--
-- Dumping data for table `tags`
--

INSERT INTO `tags` (`id`, `name`) VALUES
(1, 'job'),
(2, 'Indusries'),
(3, 'Location'),
(5, 'melbourne'),
(6, 'FIFO'),
(7, 'QLD '),
(9, 'Brisbane '),
(10, 'Mining, Resources & Energy'),
(11, 'Automotive '),
(12, 'Construction'),
(13, 'HR & Recruitment'),
(14, 'Transport & Logistics '),
(15, 'Healthcare'),
(16, 'Occupations'),
(17, 'Sales & Marketing '),
(18, 'Engineering '),
(19, 'Semi-Skilled Labour '),
(20, 'Driving '),
(21, 'vehicle'),
(24, 'Vermont'),
(26, 'property'),
(27, 'sidney'),
(32, 'retail'),
(33, 'commercial'),
(35, 'xyz');

-- --------------------------------------------------------

--
-- Table structure for table `tag_parent`
--

CREATE TABLE IF NOT EXISTS `tag_parent` (
  `id` int(5) NOT NULL AUTO_INCREMENT,
  `tag_id` int(5) NOT NULL,
  `parent_tag_id` int(5) NOT NULL,
  PRIMARY KEY (`id`)
) ENGINE=InnoDB  DEFAULT CHARSET=latin1 AUTO_INCREMENT=56 ;

--
-- Dumping data for table `tag_parent`
--

INSERT INTO `tag_parent` (`id`, `tag_id`, `parent_tag_id`) VALUES
(1, 1, 0),
(2, 2, 1),
(4, 5, 3),
(5, 6, 3),
(6, 7, 3),
(7, 9, 3),
(8, 10, 2),
(9, 11, 2),
(10, 12, 2),
(11, 13, 2),
(12, 14, 2),
(13, 15, 2),
(14, 16, 1),
(15, 17, 16),
(16, 18, 16),
(17, 19, 16),
(18, 20, 16),
(21, 23, 22),
(33, 21, 0),
(39, 24, 3),
(41, 26, 0),
(44, 3, 21),
(45, 3, 26),
(46, 27, 3);

-- --------------------------------------------------------

--
-- Table structure for table `taxonomy`
--

CREATE TABLE IF NOT EXISTS `taxonomy` (
  `id` int(10) NOT NULL AUTO_INCREMENT,
  `tag_id` int(10) DEFAULT NULL,
  `taxonomy_id` int(10) DEFAULT NULL,
  `name` varchar(100) NOT NULL,
  `value` varchar(200) NOT NULL,
  `type` varchar(30) NOT NULL,
  PRIMARY KEY (`id`),
  KEY `tag_id` (`tag_id`),
  KEY `pareent_taxonomy_id` (`taxonomy_id`),
  KEY `pareent_taxonomy_id_2` (`taxonomy_id`)
) ENGINE=InnoDB  DEFAULT CHARSET=latin1 AUTO_INCREMENT=7 ;

--
-- Dumping data for table `taxonomy`
--

INSERT INTO `taxonomy` (`id`, `tag_id`, `taxonomy_id`, `name`, `value`, `type`) VALUES
(2, 1, NULL, 'salary', '', 'Integer'),
(3, 1, NULL, 'link', '', 'string'),
(4, 21, NULL, 'price', '', 'Integer'),
(5, 21, NULL, 'modal no', '', 'string');

-- --------------------------------------------------------

--
-- Table structure for table `theme`
--

CREATE TABLE IF NOT EXISTS `theme` (
  `id` int(4) NOT NULL AUTO_INCREMENT,
  `theme_name` varchar(50) NOT NULL,
  `status` int(1) NOT NULL,
  `theme_css` mediumtext NOT NULL,
  `theme_css_url` varchar(1000) NOT NULL,
  PRIMARY KEY (`id`)
) ENGINE=InnoDB  DEFAULT CHARSET=utf8 AUTO_INCREMENT=3 ;

--
-- Dumping data for table `theme`
--

INSERT INTO `theme` (`id`, `theme_name`, `status`, `theme_css`, `theme_css_url`) VALUES
(2, 'red', 0, '', '');

-- --------------------------------------------------------

--
-- Table structure for table `theme_value`
--

CREATE TABLE IF NOT EXISTS `theme_value` (
  `id` int(8) NOT NULL AUTO_INCREMENT,
  `key` varchar(50) NOT NULL,
  `value` varchar(50) NOT NULL,
  `theme_id` varchar(50) NOT NULL,
  PRIMARY KEY (`id`)
) ENGINE=InnoDB  DEFAULT CHARSET=latin1 AUTO_INCREMENT=132 ;

--
-- Dumping data for table `theme_value`
--

INSERT INTO `theme_value` (`id`, `key`, `value`, `theme_id`) VALUES
(105, 'id', '2', '2'),
(106, 'body_font_size', '13px', '2'),
(107, 'background_color', 'white', '2'),
(108, 'body_font_family', 'arial', '2'),
(109, 'body_font_color', 'black', '2'),
(110, 'head_border_color', 'red', '2'),
(111, 'bg', 'red', '2'),
(112, 'blog_bg_color', 'red', '2'),
(113, 'blog_name_color', 'red', '2'),
(114, 'menu_color', 'red', '2'),
(115, 'border', '1px solid red', '2'),
(116, 'search_bg_color', 'red', '2'),
(117, 'searchbtn_color', 'red', '2'),
(118, 'latestjob_text_color', 'red', '2'),
(119, 'jobdiv_top_border', '1px solid red', '2'),
(120, 'jobdiv_bottom_border', '1px solid red', '2'),
(121, 'job_bg_color', 'red', '2'),
(122, 'saperator_color', 'red', '2'),
(123, 'date_color', 'red', '2'),
(124, 'anchor_color', 'red', '2'),
(125, 'anchor_size', '13px', '2'),
(126, 'title_color', 'red', '2'),
(127, 'price_range_color', 'red', '2'),
(128, 'slider_color', 'red', '2'),
(129, 'bottombg_color', 'red', '2'),
(130, 'topborder_color', 'red', '2'),
(131, 'footer_color', 'red', '2');

-- --------------------------------------------------------

--
-- Table structure for table `users`
--

CREATE TABLE IF NOT EXISTS `users` (
  `id` int(10) NOT NULL AUTO_INCREMENT,
  `name` varchar(30) NOT NULL,
  `domain_id` int(10) NOT NULL,
  `username` varchar(30) NOT NULL,
  `password` varchar(100) NOT NULL,
  `type` varchar(30) NOT NULL,
  `access_level` enum('admin','partner','client','user') NOT NULL,
  `parent_user_id` int(4) NOT NULL,
  PRIMARY KEY (`id`),
  KEY `domain_id` (`domain_id`),
  KEY `user_id` (`id`)
) ENGINE=InnoDB  DEFAULT CHARSET=utf8 AUTO_INCREMENT=42 ;

--
-- Dumping data for table `users`
--

INSERT INTO `users` (`id`, `name`, `domain_id`, `username`, `password`, `type`, `access_level`, `parent_user_id`) VALUES
(1, 'admin', 0, '1stSocialDev', 'f3da537183bd618bf1334e5ca5b2ce35', '', 'admin', 0),
(2, 'DemoAccount', 1, 'DemoAccount', '02107703511892efb7b6b8202d57238e', '', 'partner', 1),
(3, 'Test_partner', 1, 'user', 'f3da537183bd618bf1334e5ca5b2ce35', '', 'user', 1),
(4, 'Rahul', 2, 'temp', 'f3da537183bd618bf1334e5ca5b2ce35', '', 'partner', 1),
(6, 'ankit', 1, 'ankit', 'f3da537183bd618bf1334e5ca5b2ce35', '', 'client', 1);

-- --------------------------------------------------------

--
-- Table structure for table `users_theme`
--

CREATE TABLE IF NOT EXISTS `users_theme` (
  `id` tinyint(5) NOT NULL AUTO_INCREMENT,
  `user_id` tinyint(4) NOT NULL,
  `theme_id` tinyint(4) NOT NULL,
  PRIMARY KEY (`id`),
  KEY `user_id` (`user_id`),
  KEY `theme_id` (`theme_id`)
) ENGINE=InnoDB DEFAULT CHARSET=utf8 AUTO_INCREMENT=1 ;

/*!40101 SET CHARACTER_SET_CLIENT=@OLD_CHARACTER_SET_CLIENT */;
/*!40101 SET CHARACTER_SET_RESULTS=@OLD_CHARACTER_SET_RESULTS */;
/*!40101 SET COLLATION_CONNECTION=@OLD_COLLATION_CONNECTION */;
